{
  "logreg": {
    "threshold_selection": {
      "mode": "fpr_budget",
      "target_fpr": 0.01,
      "val_recall_at_target_fpr": 0.9107142857142857
    },
    "val": {
      "pr_auc": 0.8393549906625349,
      "roc_auc": 0.9827618824396043,
      "threshold": 0.7996898316684369,
      "precision": 0.1705685618729097,
      "recall": 0.9107142857142857,
      "fpr": 0.005812727059650768,
      "fp": 248.0,
      "fn": 5.0,
      "tp": 51.0,
      "tn": 42417.0,
      "precision@100": 0.48,
      "precision@500": 0.102,
      "precision@1000": 0.052
    },
    "test": {
      "pr_auc": 0.7069151405260645,
      "roc_auc": 0.9772365289971336,
      "threshold": 0.7996898316684369,
      "precision": 0.19004524886877827,
      "recall": 0.8076923076923077,
      "fpr": 0.004194984766815093,
      "fp": 179.0,
      "fn": 10.0,
      "tp": 42.0,
      "tn": 42491.0,
      "precision@100": 0.4,
      "precision@500": 0.084,
      "precision@1000": 0.044
    },
    "test_bootstrap_ci": {
      "pr_auc": {
        "mean": 0.7140438429546262,
        "std": 0.07021019432120415,
        "ci_lower": 0.5716321450941426,
        "ci_upper": 0.8468301781319586
      },
      "roc_auc": {
        "mean": 0.9774056851778407,
        "std": 0.008338669621194176,
        "ci_lower": 0.9591867259468911,
        "ci_upper": 0.9918917486163942
      },
      "precision": {
        "mean": 0.19046959373022218,
        "std": 0.01591235399953156,
        "ci_lower": 0.16227773826458036,
        "ci_upper": 0.223361735557167
      },
      "recall": {
        "mean": 0.8075576923076924,
        "std": 0.053910709275929634,
        "ci_lower": 0.6923076923076923,
        "ci_upper": 0.9038461538461539
      }
    },
    "cv_metrics": {
      "pr_auc_mean": 0.7285435077391469,
      "pr_auc_std": 0.052247241742602646,
      "roc_auc_mean": 0.9748427495148934,
      "roc_auc_std": 0.010885431897792773
    },
    "explainability_concentration": {
      "top3_attribution_mass": {
        "tp": {
          "mean": 0.47890951344924787,
          "std": 0.07087631861926193,
          "count": 42
        },
        "fp": {
          "mean": 0.4377232977623922,
          "std": 0.07432827475332804,
          "count": 179
        }
      }
    }
  },
  "rf": {
    "threshold_selection": {
      "mode": "fpr_budget",
      "target_fpr": 0.01,
      "val_recall_at_target_fpr": 0.9107142857142857
    },
    "val": {
      "pr_auc": 0.8702875874734542,
      "roc_auc": 0.9700641208082904,
      "threshold": 0.01,
      "precision": 0.1175115207373272,
      "recall": 0.9107142857142857,
      "fpr": 0.00897691316067034,
      "fp": 383.0,
      "fn": 5.0,
      "tp": 51.0,
      "tn": 42282.0,
      "precision@100": 0.49,
      "precision@500": 0.102,
      "precision@1000": 0.051
    },
    "test": {
      "pr_auc": 0.7638919429489818,
      "roc_auc": 0.9185696129509113,
      "threshold": 0.01,
      "precision": 0.11590296495956873,
      "recall": 0.8269230769230769,
      "fpr": 0.007686899460979611,
      "fp": 328.0,
      "fn": 9.0,
      "tp": 43.0,
      "tn": 42342.0,
      "precision@100": 0.39,
      "precision@500": 0.086,
      "precision@1000": 0.044
    },
    "test_bootstrap_ci": {
      "pr_auc": {
        "mean": 0.764179895440481,
        "std": 0.05577997380372544,
        "ci_lower": 0.6527625448943176,
        "ci_upper": 0.8672133867371546
      },
      "roc_auc": {
        "mean": 0.9196092577653189,
        "std": 0.024965749629151563,
        "ci_lower": 0.8680111623641182,
        "ci_upper": 0.9593724592579908
      },
      "precision": {
        "mean": 0.11623285136181367,
        "std": 0.008340161653330585,
        "ci_lower": 0.1005022046507045,
        "ci_upper": 0.13202650781350897
      },
      "recall": {
        "mean": 0.8289038461538462,
        "std": 0.05015948747987179,
        "ci_lower": 0.7307692307692307,
        "ci_upper": 0.9230769230769231
      }
    },
    "cv_metrics": {
      "pr_auc_mean": 0.8591755877301395,
      "pr_auc_std": 0.025565354553634193,
      "roc_auc_mean": 0.9626386511285019,
      "roc_auc_std": 0.014770972993549644
    },
    "explainability_concentration": {
      "top3_attribution_mass": {
        "tp": {
          "mean": 0.39271999838739424,
          "std": 0.040322609044506644,
          "count": 43
        },
        "fp": {
          "mean": 0.4183730700603513,
          "std": 0.05406114991236127,
          "count": 328
        }
      }
    }
  },
  "hgb": {
    "threshold_selection": {
      "mode": "fpr_budget",
      "target_fpr": 0.01,
      "val_recall_at_target_fpr": 0.8214285714285714
    },
    "val": {
      "pr_auc": 0.7757039195491081,
      "roc_auc": 0.9176949573923088,
      "threshold": 0.17375455161260492,
      "precision": 0.09871244635193133,
      "recall": 0.8214285714285714,
      "fpr": 0.009844134536505332,
      "fp": 420.0,
      "fn": 10.0,
      "tp": 46.0,
      "tn": 42245.0,
      "precision@100": 0.43,
      "precision@500": 0.092,
      "precision@1000": 0.047
    },
    "test": {
      "pr_auc": 0.7348775186728126,
      "roc_auc": 0.9245013160029564,
      "threshold": 0.17375455161260492,
      "precision": 0.11602209944751381,
      "recall": 0.8076923076923077,
      "fpr": 0.007499414108272791,
      "fp": 320.0,
      "fn": 10.0,
      "tp": 42.0,
      "tn": 42350.0,
      "precision@100": 0.39,
      "precision@500": 0.084,
      "precision@1000": 0.043
    },
    "test_bootstrap_ci": {
      "pr_auc": {
        "mean": 0.7373105428226594,
        "std": 0.0574880574143261,
        "ci_lower": 0.6205859848717252,
        "ci_upper": 0.8425463505793397
      },
      "roc_auc": {
        "mean": 0.9247559546880352,
        "std": 0.031053122673540885,
        "ci_lower": 0.8557846047934956,
        "ci_upper": 0.9752648286942726
      },
      "precision": {
        "mean": 0.11653962213915046,
        "std": 0.00892479022538452,
        "ci_lower": 0.09948911016019311,
        "ci_upper": 0.13521560130010832
      },
      "recall": {
        "mean": 0.8099423076923077,
        "std": 0.052562944028835275,
        "ci_lower": 0.6923076923076923,
        "ci_upper": 0.9038461538461539
      }
    },
    "cv_metrics": {
      "pr_auc_mean": 0.7814244439986501,
      "pr_auc_std": 0.046282558188997756,
      "roc_auc_mean": 0.9658382342679495,
      "roc_auc_std": 0.019608080048640203
    }
  },
  "xgb": {
    "threshold_selection": {
      "mode": "fpr_budget",
      "target_fpr": 0.01,
      "val_recall_at_target_fpr": 0.9285714285714286
    },
    "val": {
      "pr_auc": 0.8522045624519449,
      "roc_auc": 0.9897846177027004,
      "threshold": 0.000952443981077522,
      "precision": 0.1343669250645995,
      "recall": 0.9285714285714286,
      "fpr": 0.007851869213641158,
      "fp": 335.0,
      "fn": 4.0,
      "tp": 52.0,
      "tn": 42330.0,
      "precision@100": 0.48,
      "precision@500": 0.104,
      "precision@1000": 0.052
    },
    "test": {
      "pr_auc": 0.7659694865495446,
      "roc_auc": 0.981846820861351,
      "threshold": 0.000952443981077522,
      "precision": 0.13099041533546327,
      "recall": 0.7884615384615384,
      "fpr": 0.006374501992031873,
      "fp": 272.0,
      "fn": 11.0,
      "tp": 41.0,
      "tn": 42398.0,
      "precision@100": 0.39,
      "precision@500": 0.086,
      "precision@1000": 0.044
    },
    "test_bootstrap_ci": {
      "pr_auc": {
        "mean": 0.7659400195886507,
        "std": 0.05605756204832615,
        "ci_lower": 0.6508400423114373,
        "ci_upper": 0.8701721214133644
      },
      "roc_auc": {
        "mean": 0.9820401254709669,
        "std": 0.006399000273372651,
        "ci_lower": 0.9683272903859674,
        "ci_upper": 0.9934207964522002
      },
      "precision": {
        "mean": 0.13121074486405454,
        "std": 0.010490997818535457,
        "ci_lower": 0.1111111111111111,
        "ci_upper": 0.15182239097696176
      },